{
  "SVR": {
    "model": "SVR",
    "best_params": {
      "C": 1,
      "epsilon": 0.01,
      "gamma": 0.1,
      "kernel": "rbf"
    },
    "train_mse": 5.8318387766158965e-05,
    "test_mse": 4.911739539938362e-05,
    "train_mae": 0.006787685125680415,
    "test_mae": 0.006073270685928345,
    "train_r2": 0.9945288621024915,
    "test_r2": 0.9920809768237646,
    "cv_r2_mean": 0.991890873832209,
    "cv_r2_std": 0.004280341210180545
  },
  "RandomForest": {
    "model": "RandomForest",
    "best_params": {
      "max_depth": null,
      "min_samples_leaf": 1,
      "min_samples_split": 2,
      "n_estimators": 50
    },
    "train_mse": 1.541250992592588e-05,
    "test_mse": 1.2519092571428182e-05,
    "train_mae": 0.0025259259259259406,
    "test_mae": 0.003322285714285685,
    "train_r2": 0.9985540758175693,
    "test_r2": 0.997981591177373,
    "cv_r2_mean": 0.9909655993783206,
    "cv_r2_std": 0.010594122812423242,
    "feature_importance": {
      "feature": {
        "3": "A405_A375",
        "4": "A450_A405",
        "7": "A450_minus_A405",
        "8": "A_sum",
        "0": "375nm",
        "5": "A450_A375",
        "1": "405nm",
        "2": "450nm",
        "6": "A405_minus_A375"
      },
      "importance": {
        "3": 0.8263155399257672,
        "4": 0.07212822527477432,
        "7": 0.04406518906439253,
        "8": 0.016041305820651695,
        "0": 0.010840674700113842,
        "5": 0.01007895224300318,
        "1": 0.009811842277188395,
        "2": 0.007009454676329274,
        "6": 0.0037088160177794613
      }
    }
  }
}