{
  "solution_a": {
    "solution_name": "溶液A",
    "rf_metrics": {
      "train_r2": 0.9959666235446314,
      "test_r2": 0.8549454545454548,
      "test_mae": 0.013124999999999975,
      "test_mse": 0.00024931249999999964,
      "test_rmse": 0.015789632674638118
    },
    "svr_metrics": {
      "train_r2": 0.9999081807124566,
      "test_r2": 0.9656565064669367,
      "test_mae": 0.0043190393450957265,
      "test_mse": 5.902787950995266e-05,
      "test_rmse": 0.007682960335050068
    },
    "rf_cv": {
      "mean": 0.9694632330827073,
      "std": 0.030794613181447196
    },
    "svr_cv": {
      "mean": 0.9225548378741204,
      "std": 0.15397662818975724
    },
    "best_model_type": "svr",
    "best_metrics": {
      "train_r2": 0.9999081807124566,
      "test_r2": 0.9656565064669367,
      "test_mae": 0.0043190393450957265,
      "test_mse": 5.902787950995266e-05,
      "test_rmse": 0.007682960335050068
    }
  },
  "solution_b": {
    "solution_name": "溶液B",
    "rf_metrics": {
      "train_r2": 0.9952911786028313,
      "test_r2": 0.9968191907348469,
      "test_mae": 0.004905500000000205,
      "test_mse": 2.6253517000002306e-05,
      "test_rmse": 0.005123818595540079
    },
    "svr_metrics": {
      "train_r2": 0.9997132980182245,
      "test_r2": 0.998727025278218,
      "test_mae": 0.0029673866097578785,
      "test_mse": 1.0506780103103216e-05,
      "test_rmse": 0.0032414163729924017
    },
    "rf_cv": {
      "mean": 0.7667927458876695,
      "std": 0.35177679542922186
    },
    "svr_cv": {
      "mean": 0.909372286634401,
      "std": 0.10289666815617908
    },
    "best_model_type": "svr",
    "best_metrics": {
      "train_r2": 0.9997132980182245,
      "test_r2": 0.998727025278218,
      "test_mae": 0.0029673866097578785,
      "test_mse": 1.0506780103103216e-05,
      "test_rmse": 0.0032414163729924017
    }
  }
}